{"cameraMode":{"drawMode":0,"name":"Shaded","section":"Shading Mode"},"sceneLighting":false,"audioPlay":false,"sceneViewState":{"showFog":false,"showMaterialUpdate":false,"showSkybox":false,"showFlares":false,"showImageEffects":false,"showParticleSystems":false},"in2DMode":false,"pivot":{"x":-2.5114521980285646,"y":-4.370636940002441,"z":-6.654036521911621},"rotation":{"x":-0.3825863003730774,"y":0.05427641049027443,"z":-0.02252146042883396,"w":-0.9220517873764038},"size":19.570539474487306,"orthographic":false}